<?xml version="1.0" encoding="UTF-8"?>
<classpath>
	<classpathentry kind="src" path="src"/>
	<classpathentry kind="src" path="config"/>
	<classpathentry kind="con" path="org.eclipse.jdt.launching.JRE_CONTAINER/org.eclipse.jdt.internal.debug.ui.launcher.StandardVMType/OSGi%Minimum-1.2"/>
	<classpathentry kind="lib" path="C:/Users/gob/Downloads/colibristudio/plugins/es.ucm.gaia.colibristudio.LibraryPool_0.9.0/lib/jcolibri23.jar"/>
	<classpathentry kind="lib" path="C:/Users/gob/Downloads/colibristudio/plugins/es.ucm.gaia.colibristudio.LibraryPool_0.9.0/lib/jgraph.jar"/>
	<classpathentry kind="lib" path="C:/Users/gob/Downloads/colibristudio/plugins/es.ucm.gaia.colibristudio.LibraryPool_0.9.0/lib/textual/SnowBall.jar"/>
	<classpathentry kind="lib" path="C:/Users/gob/Downloads/colibristudio/plugins/es.ucm.gaia.colibristudio.LibraryPool_0.9.0/lib/visualization/InfoVisual-CB.jar"/>
	<classpathentry kind="lib" path="C:/Users/gob/Downloads/colibristudio/plugins/es.ucm.gaia.colibristudio.LibraryPool_0.9.0/lib/hibernate3.jar"/>
	<classpathentry kind="lib" path="C:/Users/gob/Downloads/colibristudio/plugins/es.ucm.gaia.colibristudio.LibraryPool_0.9.0/lib/commons/antlr-2.7.6.jar"/>
	<classpathentry kind="lib" path="C:/Users/gob/Downloads/colibristudio/plugins/es.ucm.gaia.colibristudio.LibraryPool_0.9.0/lib/commons/commons-collections-3.2.jar"/>
	<classpathentry kind="lib" path="C:/Users/gob/Downloads/colibristudio/plugins/es.ucm.gaia.colibristudio.LibraryPool_0.9.0/lib/commons/commons-logging-1.1.jar"/>
	<classpathentry kind="lib" path="C:/Users/gob/Downloads/colibristudio/plugins/es.ucm.gaia.colibristudio.LibraryPool_0.9.0/lib/commons/dom4j-1.6.1.jar"/>
	<classpathentry kind="lib" path="C:/Users/gob/Downloads/colibristudio/plugins/es.ucm.gaia.colibristudio.LibraryPool_0.9.0/lib/commons/junit.jar"/>
	<classpathentry kind="lib" path="C:/Users/gob/Downloads/colibristudio/plugins/es.ucm.gaia.colibristudio.LibraryPool_0.9.0/lib/commons/log4j-1.2.14.jar"/>
	<classpathentry kind="lib" path="C:/Users/gob/Downloads/colibristudio/plugins/es.ucm.gaia.colibristudio.LibraryPool_0.9.0/lib/commons/stax-api-1.0.1.jar"/>
	<classpathentry kind="lib" path="C:/Users/gob/Downloads/colibristudio/plugins/es.ucm.gaia.colibristudio.LibraryPool_0.9.0/lib/databaseconnector/asm-attrs.jar"/>
	<classpathentry kind="lib" path="C:/Users/gob/Downloads/colibristudio/plugins/es.ucm.gaia.colibristudio.LibraryPool_0.9.0/lib/databaseconnector/asm.jar"/>
	<classpathentry kind="lib" path="C:/Users/gob/Downloads/colibristudio/plugins/es.ucm.gaia.colibristudio.LibraryPool_0.9.0/lib/databaseconnector/c3p0-0.9.0.jar"/>
	<classpathentry kind="lib" path="C:/Users/gob/Downloads/colibristudio/plugins/es.ucm.gaia.colibristudio.LibraryPool_0.9.0/lib/databaseconnector/cglib-2.1.3.jar"/>
	<classpathentry kind="lib" path="C:/Users/gob/Downloads/colibristudio/plugins/es.ucm.gaia.colibristudio.LibraryPool_0.9.0/lib/databaseconnector/hibernate3.jar"/>
	<classpathentry kind="lib" path="C:/Users/gob/Downloads/colibristudio/plugins/es.ucm.gaia.colibristudio.LibraryPool_0.9.0/lib/databaseconnector/hsqldb.jar"/>
	<classpathentry kind="lib" path="C:/Users/gob/Downloads/colibristudio/plugins/es.ucm.gaia.colibristudio.LibraryPool_0.9.0/lib/databaseconnector/jta.jar"/>
	<classpathentry kind="lib" path="C:/Users/gob/Downloads/colibristudio/plugins/es.ucm.gaia.colibristudio.LibraryPool_0.9.0/lib/databaseconnector/mysql-connector-java-3.0.11-stable-bin.jar"/>
	<classpathentry kind="lib" path="C:/Users/gob/Downloads/colibristudio/plugins/es.ucm.gaia.colibristudio.LibraryPool_0.9.0/lib/evaluation/Chart2D.jar"/>
	<classpathentry kind="lib" path="C:/Users/gob/Downloads/colibristudio/plugins/es.ucm.gaia.colibristudio.LibraryPool_0.9.0/lib/ontobridge/jena/arq.jar"/>
	<classpathentry kind="lib" path="C:/Users/gob/Downloads/colibristudio/plugins/es.ucm.gaia.colibristudio.LibraryPool_0.9.0/lib/ontobridge/jena/concurrent.jar"/>
	<classpathentry kind="lib" path="C:/Users/gob/Downloads/colibristudio/plugins/es.ucm.gaia.colibristudio.LibraryPool_0.9.0/lib/ontobridge/jena/icu4j_3_4.jar"/>
	<classpathentry kind="lib" path="C:/Users/gob/Downloads/colibristudio/plugins/es.ucm.gaia.colibristudio.LibraryPool_0.9.0/lib/ontobridge/jena/iri.jar"/>
	<classpathentry kind="lib" path="C:/Users/gob/Downloads/colibristudio/plugins/es.ucm.gaia.colibristudio.LibraryPool_0.9.0/lib/ontobridge/jena/jena.jar"/>
	<classpathentry kind="lib" path="C:/Users/gob/Downloads/colibristudio/plugins/es.ucm.gaia.colibristudio.LibraryPool_0.9.0/lib/ontobridge/jena/json.jar"/>
	<classpathentry kind="lib" path="C:/Users/gob/Downloads/colibristudio/plugins/es.ucm.gaia.colibristudio.LibraryPool_0.9.0/lib/ontobridge/jena/wstx-asl-2.8.jar"/>
	<classpathentry kind="lib" path="C:/Users/gob/Downloads/colibristudio/plugins/es.ucm.gaia.colibristudio.LibraryPool_0.9.0/lib/ontobridge/jena/xercesImpl.jar"/>
	<classpathentry kind="lib" path="C:/Users/gob/Downloads/colibristudio/plugins/es.ucm.gaia.colibristudio.LibraryPool_0.9.0/lib/ontobridge/ontobridge.jar"/>
	<classpathentry kind="lib" path="C:/Users/gob/Downloads/colibristudio/plugins/es.ucm.gaia.colibristudio.LibraryPool_0.9.0/lib/ontobridge/pellet/jetty/jetty.jar"/>
	<classpathentry kind="lib" path="C:/Users/gob/Downloads/colibristudio/plugins/es.ucm.gaia.colibristudio.LibraryPool_0.9.0/lib/ontobridge/pellet/owlapi/abstractparser.jar"/>
	<classpathentry kind="lib" path="C:/Users/gob/Downloads/colibristudio/plugins/es.ucm.gaia.colibristudio.LibraryPool_0.9.0/lib/ontobridge/pellet/owlapi/api.jar"/>
	<classpathentry kind="lib" path="C:/Users/gob/Downloads/colibristudio/plugins/es.ucm.gaia.colibristudio.LibraryPool_0.9.0/lib/ontobridge/pellet/owlapi/impl.jar"/>
	<classpathentry kind="lib" path="C:/Users/gob/Downloads/colibristudio/plugins/es.ucm.gaia.colibristudio.LibraryPool_0.9.0/lib/ontobridge/pellet/owlapi/inference.jar"/>
	<classpathentry kind="lib" path="C:/Users/gob/Downloads/colibristudio/plugins/es.ucm.gaia.colibristudio.LibraryPool_0.9.0/lib/ontobridge/pellet/owlapi/io.jar"/>
	<classpathentry kind="lib" path="C:/Users/gob/Downloads/colibristudio/plugins/es.ucm.gaia.colibristudio.LibraryPool_0.9.0/lib/ontobridge/pellet/owlapi/owl-servlet.jar"/>
	<classpathentry kind="lib" path="C:/Users/gob/Downloads/colibristudio/plugins/es.ucm.gaia.colibristudio.LibraryPool_0.9.0/lib/ontobridge/pellet/owlapi/rdfapi.jar"/>
	<classpathentry kind="lib" path="C:/Users/gob/Downloads/colibristudio/plugins/es.ucm.gaia.colibristudio.LibraryPool_0.9.0/lib/ontobridge/pellet/owlapi/rdfparser.jar"/>
	<classpathentry kind="lib" path="C:/Users/gob/Downloads/colibristudio/plugins/es.ucm.gaia.colibristudio.LibraryPool_0.9.0/lib/ontobridge/pellet/owlapi/rules.jar"/>
	<classpathentry kind="lib" path="C:/Users/gob/Downloads/colibristudio/plugins/es.ucm.gaia.colibristudio.LibraryPool_0.9.0/lib/ontobridge/pellet/owlapi/validation.jar"/>
	<classpathentry kind="lib" path="C:/Users/gob/Downloads/colibristudio/plugins/es.ucm.gaia.colibristudio.LibraryPool_0.9.0/lib/ontobridge/pellet/xsdlib/relaxngDatatype.jar"/>
	<classpathentry kind="lib" path="C:/Users/gob/Downloads/colibristudio/plugins/es.ucm.gaia.colibristudio.LibraryPool_0.9.0/lib/ontobridge/pellet/xsdlib/xsdlib.jar"/>
	<classpathentry kind="lib" path="C:/Users/gob/Downloads/colibristudio/plugins/es.ucm.gaia.colibristudio.LibraryPool_0.9.0/lib/ontobridge/pellet/aterm-java-1.6.jar"/>
	<classpathentry kind="lib" path="C:/Users/gob/Downloads/colibristudio/plugins/es.ucm.gaia.colibristudio.LibraryPool_0.9.0/lib/ontobridge/pellet/pellet.jar"/>
	<classpathentry kind="lib" path="C:/Users/gob/Downloads/colibristudio/plugins/es.ucm.gaia.colibristudio.LibraryPool_0.9.0/lib/ontobridge/pellet/servlet.jar"/>
	<classpathentry kind="lib" path="C:/Users/gob/Downloads/colibristudio/plugins/es.ucm.gaia.colibristudio.LibraryPool_0.9.0/lib/textual/carrot2/aduna-clustermap-2006.1-resources.jar"/>
	<classpathentry kind="lib" path="C:/Users/gob/Downloads/colibristudio/plugins/es.ucm.gaia.colibristudio.LibraryPool_0.9.0/lib/textual/carrot2/aduna-clustermap-2006.1.jar"/>
	<classpathentry kind="lib" path="C:/Users/gob/Downloads/colibristudio/plugins/es.ucm.gaia.colibristudio.LibraryPool_0.9.0/lib/textual/carrot2/axis.jar"/>
	<classpathentry kind="lib" path="C:/Users/gob/Downloads/colibristudio/plugins/es.ucm.gaia.colibristudio.LibraryPool_0.9.0/lib/textual/carrot2/bsh-2.0b4.jar"/>
	<classpathentry kind="lib" path="C:/Users/gob/Downloads/colibristudio/plugins/es.ucm.gaia.colibristudio.LibraryPool_0.9.0/lib/textual/carrot2/carrot2-filter-case-normalizer.jar"/>
	<classpathentry kind="lib" path="C:/Users/gob/Downloads/colibristudio/plugins/es.ucm.gaia.colibristudio.LibraryPool_0.9.0/lib/textual/carrot2/carrot2-filter-fuzzyants.jar"/>
	<classpathentry kind="lib" path="C:/Users/gob/Downloads/colibristudio/plugins/es.ucm.gaia.colibristudio.LibraryPool_0.9.0/lib/textual/carrot2/carrot2-filter-haog.jar"/>
	<classpathentry kind="lib" path="C:/Users/gob/Downloads/colibristudio/plugins/es.ucm.gaia.colibristudio.LibraryPool_0.9.0/lib/textual/carrot2/carrot2-filter-lingo.jar"/>
	<classpathentry kind="lib" path="C:/Users/gob/Downloads/colibristudio/plugins/es.ucm.gaia.colibristudio.LibraryPool_0.9.0/lib/textual/carrot2/carrot2-filter-stc.jar"/>
	<classpathentry kind="lib" path="C:/Users/gob/Downloads/colibristudio/plugins/es.ucm.gaia.colibristudio.LibraryPool_0.9.0/lib/textual/carrot2/carrot2-filter-trc.jar"/>
	<classpathentry kind="lib" path="C:/Users/gob/Downloads/colibristudio/plugins/es.ucm.gaia.colibristudio.LibraryPool_0.9.0/lib/textual/carrot2/carrot2-input-lucene.jar"/>
	<classpathentry kind="lib" path="C:/Users/gob/Downloads/colibristudio/plugins/es.ucm.gaia.colibristudio.LibraryPool_0.9.0/lib/textual/carrot2/carrot2-input-msnapi.jar"/>
	<classpathentry kind="lib" path="C:/Users/gob/Downloads/colibristudio/plugins/es.ucm.gaia.colibristudio.LibraryPool_0.9.0/lib/textual/carrot2/carrot2-input-yahooapi.jar"/>
	<classpathentry kind="lib" path="C:/Users/gob/Downloads/colibristudio/plugins/es.ucm.gaia.colibristudio.LibraryPool_0.9.0/lib/textual/carrot2/carrot2-local-core.jar"/>
	<classpathentry kind="lib" path="C:/Users/gob/Downloads/colibristudio/plugins/es.ucm.gaia.colibristudio.LibraryPool_0.9.0/lib/textual/carrot2/carrot2-snowball-stemmers.jar"/>
	<classpathentry kind="lib" path="C:/Users/gob/Downloads/colibristudio/plugins/es.ucm.gaia.colibristudio.LibraryPool_0.9.0/lib/textual/carrot2/carrot2-stemmer-stempelator.jar"/>
	<classpathentry kind="lib" path="C:/Users/gob/Downloads/colibristudio/plugins/es.ucm.gaia.colibristudio.LibraryPool_0.9.0/lib/textual/carrot2/carrot2-util-common.jar"/>
	<classpathentry kind="lib" path="C:/Users/gob/Downloads/colibristudio/plugins/es.ucm.gaia.colibristudio.LibraryPool_0.9.0/lib/textual/carrot2/carrot2-util-tokenizer.jar"/>
	<classpathentry kind="lib" path="C:/Users/gob/Downloads/colibristudio/plugins/es.ucm.gaia.colibristudio.LibraryPool_0.9.0/lib/textual/carrot2/colt-1.0.3-trimmed.jar"/>
	<classpathentry kind="lib" path="C:/Users/gob/Downloads/colibristudio/plugins/es.ucm.gaia.colibristudio.LibraryPool_0.9.0/lib/textual/carrot2/commons-codec-1.3.jar"/>
	<classpathentry kind="lib" path="C:/Users/gob/Downloads/colibristudio/plugins/es.ucm.gaia.colibristudio.LibraryPool_0.9.0/lib/textual/carrot2/commons-discovery-0.2.jar"/>
	<classpathentry kind="lib" path="C:/Users/gob/Downloads/colibristudio/plugins/es.ucm.gaia.colibristudio.LibraryPool_0.9.0/lib/textual/carrot2/commons-httpclient-3.0.1.jar"/>
	<classpathentry kind="lib" path="C:/Users/gob/Downloads/colibristudio/plugins/es.ucm.gaia.colibristudio.LibraryPool_0.9.0/lib/textual/carrot2/commons-lang-2.1.jar"/>
	<classpathentry kind="lib" path="C:/Users/gob/Downloads/colibristudio/plugins/es.ucm.gaia.colibristudio.LibraryPool_0.9.0/lib/textual/carrot2/commons-pool-1.3.jar"/>
	<classpathentry kind="lib" path="C:/Users/gob/Downloads/colibristudio/plugins/es.ucm.gaia.colibristudio.LibraryPool_0.9.0/lib/textual/carrot2/format.jar"/>
	<classpathentry kind="lib" path="C:/Users/gob/Downloads/colibristudio/plugins/es.ucm.gaia.colibristudio.LibraryPool_0.9.0/lib/textual/carrot2/forms-1.0.7.jar"/>
	<classpathentry kind="lib" path="C:/Users/gob/Downloads/colibristudio/plugins/es.ucm.gaia.colibristudio.LibraryPool_0.9.0/lib/textual/carrot2/jal.jar"/>
	<classpathentry kind="lib" path="C:/Users/gob/Downloads/colibristudio/plugins/es.ucm.gaia.colibristudio.LibraryPool_0.9.0/lib/textual/carrot2/Jama-1.0.2.jar"/>
	<classpathentry kind="lib" path="C:/Users/gob/Downloads/colibristudio/plugins/es.ucm.gaia.colibristudio.LibraryPool_0.9.0/lib/textual/carrot2/jaxen-1.1-beta-6.jar"/>
	<classpathentry kind="lib" path="C:/Users/gob/Downloads/colibristudio/plugins/es.ucm.gaia.colibristudio.LibraryPool_0.9.0/lib/textual/carrot2/jaxrpc.jar"/>
	<classpathentry kind="lib" path="C:/Users/gob/Downloads/colibristudio/plugins/es.ucm.gaia.colibristudio.LibraryPool_0.9.0/lib/textual/carrot2/jdic.jar"/>
	<classpathentry kind="lib" path="C:/Users/gob/Downloads/colibristudio/plugins/es.ucm.gaia.colibristudio.LibraryPool_0.9.0/lib/textual/carrot2/looks-2.0.4.jar"/>
	<classpathentry kind="lib" path="C:/Users/gob/Downloads/colibristudio/plugins/es.ucm.gaia.colibristudio.LibraryPool_0.9.0/lib/textual/carrot2/saaj.jar"/>
	<classpathentry kind="lib" path="C:/Users/gob/Downloads/colibristudio/plugins/es.ucm.gaia.colibristudio.LibraryPool_0.9.0/lib/textual/carrot2/stempel-1.0-dw.jar"/>
	<classpathentry kind="lib" path="C:/Users/gob/Downloads/colibristudio/plugins/es.ucm.gaia.colibristudio.LibraryPool_0.9.0/lib/textual/carrot2/stempelator-1.0.jar"/>
	<classpathentry kind="lib" path="C:/Users/gob/Downloads/colibristudio/plugins/es.ucm.gaia.colibristudio.LibraryPool_0.9.0/lib/textual/carrot2/violinstrings-1.0.2.jar"/>
	<classpathentry kind="lib" path="C:/Users/gob/Downloads/colibristudio/plugins/es.ucm.gaia.colibristudio.LibraryPool_0.9.0/lib/textual/carrot2/wsdl4j-1.5.1.jar"/>
	<classpathentry kind="lib" path="C:/Users/gob/Downloads/colibristudio/plugins/es.ucm.gaia.colibristudio.LibraryPool_0.9.0/lib/textual/IE/Gate/gate.jar"/>
	<classpathentry kind="lib" path="C:/Users/gob/Downloads/colibristudio/plugins/es.ucm.gaia.colibristudio.LibraryPool_0.9.0/lib/textual/IE/Gate/jasper-compiler-jdt.jar"/>
	<classpathentry kind="lib" path="C:/Users/gob/Downloads/colibristudio/plugins/es.ucm.gaia.colibristudio.LibraryPool_0.9.0/lib/textual/IE/OpenNLP/grok-0.7.0.jar"/>
	<classpathentry kind="lib" path="C:/Users/gob/Downloads/colibristudio/plugins/es.ucm.gaia.colibristudio.LibraryPool_0.9.0/lib/textual/IE/OpenNLP/jdom.jar"/>
	<classpathentry kind="lib" path="C:/Users/gob/Downloads/colibristudio/plugins/es.ucm.gaia.colibristudio.LibraryPool_0.9.0/lib/textual/IE/OpenNLP/maxent.jar"/>
	<classpathentry kind="lib" path="C:/Users/gob/Downloads/colibristudio/plugins/es.ucm.gaia.colibristudio.LibraryPool_0.9.0/lib/textual/IE/OpenNLP/opennlp.jar"/>
	<classpathentry kind="lib" path="C:/Users/gob/Downloads/colibristudio/plugins/es.ucm.gaia.colibristudio.LibraryPool_0.9.0/lib/textual/IE/OpenNLP/trove.jar"/>
	<classpathentry kind="lib" path="C:/Users/gob/Downloads/colibristudio/plugins/es.ucm.gaia.colibristudio.LibraryPool_0.9.0/lib/textual/lucene21/db-4.3.29.jar"/>
	<classpathentry kind="lib" path="C:/Users/gob/Downloads/colibristudio/plugins/es.ucm.gaia.colibristudio.LibraryPool_0.9.0/lib/textual/lucene21/easymock-1.2_Java1.5.jar"/>
	<classpathentry kind="lib" path="C:/Users/gob/Downloads/colibristudio/plugins/es.ucm.gaia.colibristudio.LibraryPool_0.9.0/lib/textual/lucene21/hessian-3.0.20.jar"/>
	<classpathentry kind="lib" path="C:/Users/gob/Downloads/colibristudio/plugins/es.ucm.gaia.colibristudio.LibraryPool_0.9.0/lib/textual/lucene21/hivemind-1.1.jar"/>
	<classpathentry kind="lib" path="C:/Users/gob/Downloads/colibristudio/plugins/es.ucm.gaia.colibristudio.LibraryPool_0.9.0/lib/textual/lucene21/hivemind-jmx-1.1.jar"/>
	<classpathentry kind="lib" path="C:/Users/gob/Downloads/colibristudio/plugins/es.ucm.gaia.colibristudio.LibraryPool_0.9.0/lib/textual/lucene21/hivemind-lib-1.1.jar"/>
	<classpathentry kind="lib" path="C:/Users/gob/Downloads/colibristudio/plugins/es.ucm.gaia.colibristudio.LibraryPool_0.9.0/lib/textual/lucene21/javassist-3.0.jar"/>
	<classpathentry kind="lib" path="C:/Users/gob/Downloads/colibristudio/plugins/es.ucm.gaia.colibristudio.LibraryPool_0.9.0/lib/textual/lucene21/je.jar"/>
	<classpathentry kind="lib" path="C:/Users/gob/Downloads/colibristudio/plugins/es.ucm.gaia.colibristudio.LibraryPool_0.9.0/lib/textual/lucene21/lucene-analyzers-2.1.0.jar"/>
	<classpathentry kind="lib" path="C:/Users/gob/Downloads/colibristudio/plugins/es.ucm.gaia.colibristudio.LibraryPool_0.9.0/lib/textual/lucene21/lucene-ant-2.1.0.jar"/>
	<classpathentry kind="lib" path="C:/Users/gob/Downloads/colibristudio/plugins/es.ucm.gaia.colibristudio.LibraryPool_0.9.0/lib/textual/lucene21/lucene-benchmark-2.1.0.jar"/>
	<classpathentry kind="lib" path="C:/Users/gob/Downloads/colibristudio/plugins/es.ucm.gaia.colibristudio.LibraryPool_0.9.0/lib/textual/lucene21/lucene-core-2.1.0.jar"/>
	<classpathentry kind="lib" path="C:/Users/gob/Downloads/colibristudio/plugins/es.ucm.gaia.colibristudio.LibraryPool_0.9.0/lib/textual/lucene21/lucene-highlighter-2.1.0.jar"/>
	<classpathentry kind="lib" path="C:/Users/gob/Downloads/colibristudio/plugins/es.ucm.gaia.colibristudio.LibraryPool_0.9.0/lib/textual/lucene21/lucene-lucli-2.1.0.jar"/>
	<classpathentry kind="lib" path="C:/Users/gob/Downloads/colibristudio/plugins/es.ucm.gaia.colibristudio.LibraryPool_0.9.0/lib/textual/lucene21/lucene-memory-2.1.0.jar"/>
	<classpathentry kind="lib" path="C:/Users/gob/Downloads/colibristudio/plugins/es.ucm.gaia.colibristudio.LibraryPool_0.9.0/lib/textual/lucene21/lucene-misc-2.1.0.jar"/>
	<classpathentry kind="lib" path="C:/Users/gob/Downloads/colibristudio/plugins/es.ucm.gaia.colibristudio.LibraryPool_0.9.0/lib/textual/lucene21/lucene-queries-2.1.0.jar"/>
	<classpathentry kind="lib" path="C:/Users/gob/Downloads/colibristudio/plugins/es.ucm.gaia.colibristudio.LibraryPool_0.9.0/lib/textual/lucene21/lucene-regex-2.1.0.jar"/>
	<classpathentry kind="lib" path="C:/Users/gob/Downloads/colibristudio/plugins/es.ucm.gaia.colibristudio.LibraryPool_0.9.0/lib/textual/lucene21/lucene-similarity-2.1.0.jar"/>
	<classpathentry kind="lib" path="C:/Users/gob/Downloads/colibristudio/plugins/es.ucm.gaia.colibristudio.LibraryPool_0.9.0/lib/textual/lucene21/lucene-snowball-2.1.0.jar"/>
	<classpathentry kind="lib" path="C:/Users/gob/Downloads/colibristudio/plugins/es.ucm.gaia.colibristudio.LibraryPool_0.9.0/lib/textual/lucene21/lucene-spellchecker-2.1.0.jar"/>
	<classpathentry kind="lib" path="C:/Users/gob/Downloads/colibristudio/plugins/es.ucm.gaia.colibristudio.LibraryPool_0.9.0/lib/textual/lucene21/lucene-surround-2.1.0.jar"/>
	<classpathentry kind="lib" path="C:/Users/gob/Downloads/colibristudio/plugins/es.ucm.gaia.colibristudio.LibraryPool_0.9.0/lib/textual/lucene21/lucene-swing-2.1.0.jar"/>
	<classpathentry kind="lib" path="C:/Users/gob/Downloads/colibristudio/plugins/es.ucm.gaia.colibristudio.LibraryPool_0.9.0/lib/textual/lucene21/lucene-wordnet-2.1.0.jar"/>
	<classpathentry kind="lib" path="C:/Users/gob/Downloads/colibristudio/plugins/es.ucm.gaia.colibristudio.LibraryPool_0.9.0/lib/textual/lucene21/lucene-xml-query-parser-2.1.0.jar"/>
	<classpathentry kind="lib" path="C:/Users/gob/Downloads/colibristudio/plugins/es.ucm.gaia.colibristudio.LibraryPool_0.9.0/lib/textual/lucene21/oro-2.0.6.jar"/>
	<classpathentry kind="lib" path="C:/Users/gob/Downloads/colibristudio/plugins/es.ucm.gaia.colibristudio.LibraryPool_0.9.0/lib/textual/lucene21/stax-1.1.2-dev.jar"/>
	<classpathentry kind="lib" path="C:/Users/gob/Downloads/colibristudio/plugins/es.ucm.gaia.colibristudio.LibraryPool_0.9.0/lib/textual/spamcorpus/spamcorpus.jar"/>
	<classpathentry kind="lib" path="C:/Users/gob/Downloads/colibristudio/plugins/es.ucm.gaia.colibristudio.LibraryPool_0.9.0/lib/textual/wordnet/jwnl.jar"/>
	<classpathentry kind="lib" path="C:/Users/gob/Downloads/colibristudio/plugins/es.ucm.gaia.colibristudio.LibraryPool_0.9.0/lib/textual/wordnet/wordnetbridge.jar"/>
	<classpathentry kind="output" path="bin"/>
</classpath>
