<?xml version="1.0" encoding="ISO-8859-1" standalone="no"?>
<Case>
    <CompoundAttribute isId="false">
        <attribType>PodSolution</attribType>
        <name>Solution</name>
        <SimpleAttribute isId="true">
            <attribType>java.lang.Integer</attribType>
            <name>idSolution</name>
        </SimpleAttribute>
    </CompoundAttribute>
    <CompoundAttribute isId="false">
        <attribType/>
        <name>Result</name>
    </CompoundAttribute>
    <CompoundAttribute isId="false">
        <attribType/>
        <name>Justification</name>
    </CompoundAttribute>
    <CompoundAttribute isId="false">
        <attribType>PodBase</attribType>
        <name>Description</name>
        <SimpleAttribute isId="false">
            <attribType>java.lang.Integer</attribType>
            <name>contrast</name>
        </SimpleAttribute>
        <SimpleAttribute isId="false">
            <attribType>java.lang.Integer</attribType>
            <name>homogeneity</name>
        </SimpleAttribute>
        <SimpleAttribute isId="true">
            <attribType>java.lang.Integer</attribType>
            <name>idDescription</name>
        </SimpleAttribute>
        <SimpleAttribute isId="false">
            <attribType>java.lang.Integer</attribType>
            <name>correlation</name>
        </SimpleAttribute>
        <SimpleAttribute isId="false">
            <attribType>java.lang.Integer</attribType>
            <name>energy</name>
        </SimpleAttribute>
        <SimpleAttribute isId="false">
            <attribType>java.lang.Integer</attribType>
            <name>asm</name>
        </SimpleAttribute>
        <SimpleAttribute isId="false">
            <attribType>java.lang.Integer</attribType>
            <name>dissimilality</name>
        </SimpleAttribute>
        <SimpleAttribute isId="false">
            <attribType>java.lang.Integer</attribType>
            <name>label</name>
        </SimpleAttribute>
    </CompoundAttribute>
</Case>
