<?xml version="1.0" encoding="ISO-8859-1" standalone="no"?>
<TextFileConfiguration>
    <FilePath>C:\Users\gob\Downloads\colibri - P�gina1.csv</FilePath>
    <Delimiters>,</Delimiters>
    <DescriptionClassName>PodBase</DescriptionClassName>
    <DescriptionMappings>
        <Map>label</Map>
        <Map>dissimilality</Map>
        <Map>asm</Map>
        <Map>energy</Map>
        <Map>correlation</Map>
        <Map>homogeneity</Map>
        <Map>contrast</Map>
    </DescriptionMappings>
</TextFileConfiguration>
